{"rmse": 42996.73795474202, "explained_variance_score": 0.7277362826660128, "mean_absolute_error": 21527.080119874023, "mean_squared_error": 1848719474.748753, "mean_squared_log_error": 0.03425059003066088, "median_absolute_error": 13947.430646647, "r2_score": 0.7276886425877571}